source_id,title,authors,year,publication,source_type,language,primary_file,locator,doi,elibrary_id,edn,artifact_sha256,full_text_status,relevance,analysis_status,notes
CORE-001,"Location Optimization of Tower Cranes on High-Rise Modular Housing Projects","Cong Zhou; Fu Dai; Zerui Xiao; Wei Liu",2023,"Buildings 13(1), 115","journal article",English,"buildings-13-00115-v2 (1).pdf","PDF pp. 1-21","10.3390/buildings13010115",UNKNOWN,UNKNOWN,"637E42E6C7238C74A0E4B2E410D0D6A4F9499EEDF525521048F766CE55A4BAFE",full,"very high",analyzed,"MILP for crane type/location and trailer position; capacity depends on radius"
CORE-002,"Multi-Objective Optimization of Tasks Scheduling Problem for Overlapping Multiple Tower Cranes","Yanyan Wang; Wenjie Zhao; Wenjing Cui; Guangqiang Zhou",2024,"Buildings 14(4), 867","journal article",English,"buildings-14-00867 (1).pdf","PDF pp. 1-23","10.3390/buildings14040867",UNKNOWN,UNKNOWN,"5F97368B5911C3FA7ABE27B0A2E233AD9CD166838D699DF80323EF526933B787",full,"very high",analyzed,"NSGA-III plus TOPSIS for task scheduling of overlapping cranes"
CORE-003,"Selection and Layout Optimization of Double Tower Cranes","Yan Fu; Jiarui Bu; Jingjun Lin; Jun Liu; Chunli Zhang",2024,"Buildings 14(6), 1705","journal article",English,"buildings-14-01705 (1).pdf","PDF pp. 1-28","10.3390/buildings14061705",UNKNOWN,UNKNOWN,"3BC918CE6AB36CBBB48A24A2363743DA619B61033EBA4B37B0FF489CF216E3B7",full,"very high",analyzed,"Feasible areas and genetic optimization by time cost and value coefficient"
CORE-004,"A generative design-based optimization model for multi-objective construction site layout planning","Hossam Wefki; Mona Salah; Emad Elbeltagi; Asser Elsheikh; Rana Khallaf",2024,"Engineering Construction and Architectural Management","journal article",English,"Paper3_ECAM (1).pdf","PDF pp. 1-27","10.1108/ECAM-11-2023-1193",UNKNOWN,UNKNOWN,"125A364F1DABCAED42933BE9035F1F4CC1BEB3E6D4A75C87368C106C90299923",full,"very high",analyzed,"BIM-Dynamo generative design; transport cost and safety trade-off"
CORE-005,"Оптимизация использования башенных кранов в процессе строительства с учетом временных циклов","В.И. Мигин; А.М. Эльшейх",2024,"Экономика строительства, №4","journal article",Russian,"№4 2024 ЭС.pdf","printed pp. 361-364",UNKNOWN,UNKNOWN,UNKNOWN,"D4FEBB22C27738A245A992667A110CBEB51CAE934597EAA128E0F105ECFA873D",full,"very high",analyzed,"Target article inside full journal issue; deterministic simulation concept for work cycles"
CORE-006,"Обеспечение безопасной эксплуатации башенных кранов в современном строительстве","В.И. Мигин; А.М. Эльшейх",2024,"Экономика строительства, №6","journal article",Russian,"№6 2024 ЭС.pdf","printed pp. 433-435",UNKNOWN,UNKNOWN,UNKNOWN,"759B46D9D8A541BFDDF8B96ED5FAAB8338ADA47076ECE41E9BAD38D4E18CE52C",full,"high",analyzed,"Target article inside full journal issue; monitoring and safety systems"
CORE-007,"Сравнительный анализ и исследование специфики работы российских и европейских башенных кранов","А.М. Эльшейх; В.И. Мигин",2024,"Инженерный вестник Дона, №11, article 9608","journal article",Russian,"IVD_19N9y24_Migin_El_Sheikh.pdf_96c5a17398.pdf.pdf","PDF pp. 1-15",UNKNOWN,UNKNOWN,UNKNOWN,"6336DF21A0E405D6B179EA9C65C355446A6989AA53A09C9E09D8031346F6DBFA",full,"high",analyzed,"Comparative review; individual crane figures require confirmation from manufacturer catalogs"
CORE-008,"Строительство зданий повышенной этажности приставными башенными кранами в Москве","А.И. Инденбаум; Е.Е. Лунден; А.Н. Горлов; Б.М. Степанов",2010,"Безопасность труда в промышленности, №2","journal article",Russian,"elibrary_13034877_62415444.pdf","printed pp. 21-26",UNKNOWN,"13034877","KZGHQF","02269502D691143C7F3CE922BE6DBE658DB0F33147190BBCA123A3EE06BD721C",full,"high",analyzed,"HTML bibliographic card is a duplicate artifact; attached-crane support design"
CORE-009,"Интеллектуальная система мониторинга башенных кранов на строительных площадках","М.А. Надар; Ц.А. Авакян; Х.К. Кхоуры",2013,"Беспроводные технологии, №4(33)","journal article",Russian,"elibrary_20842058_41699349.pdf","printed pp. 54-57",UNKNOWN,"20842058","ROCGMD","29F214D7F3C392F97CD24562365E45695C34476895DFC9D208DBD39E9676715B",full,"medium",analyzed,"HTML bibliographic card is a duplicate artifact; wireless sensor monitoring prototype"
CORE-010,"Башенные краны","Ю.В. Маркина",2015,"Сборник статей студенческих научно-практических конференций факультета агротехники и энергообеспечения, часть 1","conference article",Russian,"elibrary_25874855_97555215.pdf","printed pp. 161-164",UNKNOWN,UNKNOWN,UNKNOWN,"27D8876D6D515C758C7BEB4693783453E1F6BFC791FFD22072F9DF39D93B3C30",full,"low",analyzed,"Target article inside 290-page collection; introductory descriptive source"
CORE-011,"Методика выбора башенного крана","И.Х. Тлехас; С.И. Терещенко; И.В. Шелковникова",2017,"Проблемы формирования единого научного пространства, часть 2","conference article",Russian,"elibrary_29133156_70169045.pdf","printed pp. 100-102",UNKNOWN,"29133187","YNNOHX","7A404530DBD11F3D4CAC1475C945737BBDB4416B286CEEBBA45F1A10EAF31C06",full,"medium",analyzed,"HTML bibliographic card is a duplicate artifact; qualitative selection guidance"
CORE-012,"Башенные краны","А.И. Болатчиев",2017,"Традиции и инновации в системе образования","conference article",Russian,"elibrary_30369554_10034005.pdf","printed pp. 90-95",UNKNOWN,"30369892","ZOPETR","DDC05A91694F1CAB6AEC809EACD474CCDA43268B6F79016C062D1C7FC3387C15",full,"low",analyzed,"HTML bibliographic card is a duplicate artifact; descriptive characteristics and productivity equation"
CORE-013,"Разновидности погрузочно-разгрузочных и монтажно-строительных башенных кранов","А.А. Дорофеева; В.П. Ященко",2018,"Молодежный вестник ИрГТУ, том 8, №1","journal article",Russian,"elibrary_32717281_80369851.pdf","PDF pp. 1-5; printed pagination begins at 45",UNKNOWN,"32717281","YUJHCQ","81252A392FFE5BC9FA5B8A0CFBDB3F0C637A86B855ED7AF41E6E80E812AEC898",full,"low",analyzed,"HTML bibliographic card is a duplicate artifact; crane classification"
CORE-014,"Технологический процесс выполнения строительно-монтажных работ с применением башенного крана","Е.И. Гончаров",2019,"Инновационное развитие подъемно-транспортной техники","conference article",Russian,"elibrary_41556295_98213021.pdf","printed pp. 5-9",UNKNOWN,"41556295","ETGLKI","C0DC6FFC8CF2F32B7B42D24502293161EECAE1B82B4A8EDCD9CF339BC5EAF2D8",full,"medium",analyzed,"HTML bibliographic card is a duplicate artifact; work stages and site zones"
CORE-015,"Метод повышения производительности башенного крана в гражданском строительстве","Д.Ю. Анисимова; В.В. Ильина",2020,"Вестник науки, №1(22), том 3","journal article",Russian,"elibrary_41849475_88796365.pdf","printed pp. 127-130",UNKNOWN,"41849475",UNKNOWN,"5086FA692FA33E7EFB43F13F8919E6087C990F5356E54020722828659B0D7DE4",full,"high",analyzed,"Cycle-time decomposition and simultaneous operations example"
CORE-016,"Виды привязок башенного крана на чертеже в целях разработки организационного раздела проектной документации в строительстве","А.К. Дементьева; М.Д. Аникина",2020,"Теория и практика современной науки","conference article",Russian,"elibrary_44081429_27616250.pdf","printed pp. 17-20",UNKNOWN,"44081429","UEYUVH","99FFA3032C1BFCB3455E6F23CEC93FA6A67EE627D230BC14C0A325AC073DF819",full,"high",analyzed,"HTML bibliographic card is a duplicate artifact; transverse longitudinal binding and danger-zone formulas"
CORE-017,"Повышение безопасности и производительности труда при работе на башенном кране","В.В. Миронова",2018,"Сборник студенческих научных работ, выпуск 24","conference article",Russian,"Новая папка\ПОВЫШЕНИЕ БЕЗОПАСНОСТИ И ПРОИЗВОДИТЕЛЬНОСТИ ТРУДА ПРИ РАБОТЕ НА БАШЕННОМ КРАНЕ.html","metadata: pp. 393-394",UNKNOWN,"35414426","XVZLQL","16EEC3F913E3BBBFABB2B13C3E41F05EBA3EC54689A33B4BE7C5518DC05C6D1A",metadata_only,"low",limited,"Full text is absent; conclusions cannot be assessed"
CORE-018,"Эксплуатация башенных кранов","Э. Франц; Б. Гончаров; Ю. Храпачев; В. Бархударян; И. Яни",2015,"Технадзор, №11(108)","journal item",Russian,"Новая папка\Эксплуатация башенных кранов.html","metadata: p. 627",UNKNOWN,"27649153","XHBFDP","78F7156CB38EF8FEC08E003667CDEFD535B228A77E1373FE478E6DC91FD3E7A4",metadata_only,"low",limited,"Only abstract and bibliographic metadata are available"

