Catalog_ID,manufacturer,model,series_status,local_file,source_url,host_status,pages,sha256,verification_status
CRANE-CAT-001,Liebherr,130 EC-B 6,legacy,"01_sources/04_crane_catalogs/01_legacy_130_EC-B/Liebherr_130_EC-B_6_technical_data.pdf",https://www.kranauto.ru/public/specs/184_Liebherr_130_EC-B6.pdf,"third-party host; manufacturer technical sheet",6,5c3d9c1d41736a7d9a38475ddaf79930dbf9b7fa4352501d8981e9d57890c0ed,PDF structure verified; engineering data extraction pending
CRANE-CAT-002,Liebherr,130 EC-B 8 FR.tronic,legacy,"01_sources/04_crane_catalogs/01_legacy_130_EC-B/Liebherr_130_EC-B_8_FRtronic_technical_data.pdf",https://kranimex.cz/files/pujcovna/130EC-B8.pdf,"third-party host; manufacturer technical sheet",6,955d60be9a98f22040a05e27a330564f441bcc2e3fb541fd1400db9ce4c5964e,PDF structure verified; engineering data extraction pending
CRANE-CAT-003,Liebherr,EC-B legacy range,legacy,"01_sources/04_crane_catalogs/01_legacy_130_EC-B/Liebherr_EC-B_legacy_official_brochure.pdf",https://www.liebherr.com/shared/media/construction-machinery/tower-cranes/brochures/top-slewing-cranes/flat-top-ec-b/liebherr-die-ecb-flat-top-krane-neue-ideen-neue-technik-de.pdf,official Liebherr,13,67e56043612de67952c4ffe22b3e70bd78cc3e5ef871ee7eb5d95c9f02838307,PDF structure verified
CRANE-CAT-004,Liebherr,125 EC-B 6,current,"01_sources/04_crane_catalogs/02_current_EC-B/Liebherr_125_EC-B_6_technical_data.pdf",https://assets-cdn.liebherr.com/versions/9a89d7bc-c5ad-489e-a165-e5f7452d7a10/original/,official Liebherr,16,4243ce92eb367a8ed08b842f5a3614eccbf7e48eb37633a4ce772cadc5ad0383,PDF structure verified; engineering data extraction pending
CRANE-CAT-005,Liebherr,150 EC-B 8 Litronic,current,"01_sources/04_crane_catalogs/02_current_EC-B/Liebherr_150_EC-B_8_Litronic_technical_data.pdf",https://assets-cdn.liebherr.com/assets/api/363d2373-c77f-4e78-a8b1-43e91776c57a/Original/,official Liebherr,16,c6caf0090a412690754fc7ace347f1887f3277323910a3f286b06b10841609bf,PDF structure verified; engineering data extraction pending
CRANE-CAT-006,Liebherr,132 EC-H 8 Litronic,legacy,"01_sources/04_crane_catalogs/03_legacy_EC-H_up_to_12t/Liebherr_132_EC-H_8_Litronic.pdf",https://corleonis.pl/wp-content/uploads/2023/02/LIEBHERR-132-EC-H-Litronic.pdf,"third-party host; compiled manufacturer data",3,f992d28e7b66c2e1034e0c93a183b22e3c718ea2c6faefb5c011b88f7d91b0c0,PDF structure verified; cross-check against manufacturer sheet required
CRANE-CAT-007,Liebherr,"154 EC-H 6 / 154 EC-H 10",legacy,"01_sources/04_crane_catalogs/03_legacy_EC-H_up_to_12t/Liebherr_154_EC-H_6_and_10.pdf",https://www.max-usedcranes.it/WP/wp-content/uploads/2019/07/154ech6.pdf,"third-party host; manufacturer technical sheet",6,9027df7cf3eaa7a379de380622f80f9b410e848b899d6b2586904ab76134b87b,PDF structure verified; engineering data extraction pending
CRANE-CAT-008,Liebherr,280 EC-H 12 Litronic,legacy/current-through-2024,"01_sources/04_crane_catalogs/03_legacy_EC-H_up_to_12t/Liebherr_280_EC-H_12_Litronic.pdf",https://www.vertikcranes.com/wp-content/uploads/2026/05/280-EC-H-12.pdf,"third-party host; manufacturer technical sheet dated 2020",8,bc71b644d435b19dbf07ce70af6799f71b32841576a89ebb6df36d96c8d75298,PDF structure verified; engineering data extraction pending
CRANE-CAT-009,Liebherr,"EC-H range including 200 EC-H 10 and 280 EC-H 12",range brochure,"01_sources/04_crane_catalogs/03_legacy_EC-H_up_to_12t/Liebherr_EC-H_official_range_brochure.pdf",https://www.liebherr.com/shared/media/baumaschinen/turmdrehkrane/dokumente/turmdrehkrane/tower-cranes-ln-303-de.pdf,official Liebherr,42,63ad81342e380b2c9fbd62a33d2e0bbcb594ec6202fc2e1091a2fb00e127d0f5,PDF structure verified; authoritative range summary
