rule_id,topic,document,edition_or_status,locator,software_status,rule_summary,verification_note
REG-001,Основной режим безопасной эксплуатации ПС,"Приказ Ростехнадзора от 26.11.2020 № 461; ФНП по ОПО с подъемными сооружениями","ред. 16.04.2026; действует с 08.06.2026 до 01.09.2032","раздел VI; требования к ППР и ТК",VERIFIED_SOURCE,"ППР и технологические карты должны содержать решения безопасного производства работ с применением ПС","Численные проверки реализовывать только по конкретным пунктам и приложениям актуальной редакции"
REG-002,Совместная работа кранов,"Приказ Ростехнадзора от 26.11.2020 № 461; ФНП по ОПО с подъемными сооружениями","ред. 16.04.2026","пункт 164",IMPLEMENTED_WITH_CONDITIONS,"Не менее 5 м по горизонтали; при наложении зон стрелы на разных уровнях с разностью не менее 1 м; на стоянках 2 м по горизонтали и 1 м по вертикали","Положительный результат только PASS_WITH_CONDITIONS: ППР и технические ограничители обязательны"
REG-003,Установка у откоса котлована,"Приказ Ростехнадзора от 26.11.2020 № 461; ФНП по ОПО с подъемными сооружениями","ред. 16.04.2026","приложение № 1 таблица 2",OUT_OF_MVP_WARNING,"Минимальное расстояние от основания откоса до ближайших опор зависит от глубины и вида грунта","Геология и фундамент крана исключены из MVP; интерфейс обязан предупредить о необходимости отдельного расчета"
REG-004,Приближение к ЛЭП,"Приказ Ростехнадзора от 26.11.2020 № 461; ФНП по ОПО с подъемными сооружениями","ред. 16.04.2026","приложение № 1 таблица 3",USER_FORBIDDEN_ZONE_PLUS_WARNING,"Безопасное расстояние зависит от напряжения ЛЭП","MVP принимает ЛЭП как вручную заданную запретную зону; автоматический расчет без напряжения запрещен"
REG-005,Опасные зоны,"Приказ Ростехнадзора от 26.11.2020 № 461; ФНП по ОПО с подъемными сооружениями","ред. 16.04.2026","приложение № 2 пункт 1 таблица 1",IMPLEMENTED,"От наружной крайней точки прибавляются наибольший габарит груза и расстояние отлета; таблица высот 10/20/70/120/200/300/450 м с интерполяцией","Высоты свыше 450 м блокируются; геометрическое построение полигона будет реализовано отдельно"
REG-006,Охрана труда в строительстве,"Приказ Минтруда России от 11.12.2020 № 883н","ред. 29.04.2025; действует до 01.09.2031","пункты об опасных зонах и организационно-технологической документации",VERIFIED_SOURCE,"Опасные зоны и меры безопасности должны быть отражены в организационно-технологической документации","Использовать совместно с ФНП № 461; не подменяет инженерный расчет"
REG-007,Методика ППРк и высота подъема,"РД-11-06-2007","методические рекомендации",REFERENCE_ONLY,"разделы 2 и 5; формула высоты подъема; таблица 3",DO_NOT_TREAT_AS_BINDING,"Содержит практическую структуру ППРк запас высоты 2.3 м и историческую таблицу отлета груза","Числа основаны в том числе на отмененных документах; применять только после подтверждения действующим НПА или как редактируемую методическую настройку с предупреждением"
REG-008,Организация строительства,"СП 48.13330.2019","с изменениями № 1 и № 2",VERIFIED_SOURCE,"раздел 6",DOCUMENT_STRUCTURE,"Задает требования к организационно-технологической документации строительства","Не является единственным источником численных параметров безопасной работы крана"
REG-009,Требования к башенным кранам,"ГОСТ 13556-2016","действующий межгосударственный стандарт по доступному каталогу",CATALOG_REFERENCE,"весь документ",EQUIPMENT_REQUIREMENTS,"Общие технические требования к башенным кранам","Не использовать вместо грузовых характеристик конкретной комплектации Liebherr"
